Sample	Urban.Type	Lawn	Richness	Temp.Mean	Photoperiod	Rh.Mean
15419	3	Yes	30	16.12930952	10.05777196	41.65877976
15426	8	Yes	3	14.0019605	10.06396384	64.32543741
15438	9	No	22	13.79680357	10.06041899	63.47509921
15448	9	Yes	1	14.69578035	10.06267742	65.77493076
15455	8	No	22	14.17297123	10.0613815	56.9891369
15456	8	No	15	15.73808491	10.19417184	57.51313367
15462	9	Yes	19	12.39228323	10.0590102	61.05699405
15465	9	No	16	13.61843403	10.06055161	58.86364087
15467	9	Yes	19	14.41450595	10.19819065	69.05625
15476	3	No	8	15.54475645	10.05894006	41.47053571
15485	3	No	20	11.38851835	10.05439894	45.69647817
15489	3	No	25	16.18087302	10.0554255	36.56840278
15493	3	No	8	15.97985119	10.05633019	38.09027778
15505	8	No	20	15.31389087	10.06143325	49.20019841
15510	9	Yes	8	13.46529464	10.07474453	70.34047619
15522	1	No	15	13.49547718	10.05335437	40.4735119
15527	3	No	14	16.58656498	10.05522988	34.79513889
15533	3	Yes	18	15.2638001	10.05705755	44.10223214
15556	9	Yes	8	14.78128423	10.19698592	65.30491071
15560	9	Yes	8	14.33007783	10.98024487	77.98452381
15561	9	Yes	12	14.09525843	10.98094164	81.16259921
15589	3	Yes	24	13.45859226	10.97776065	79.48670635
15593	9	No	25	13.57086012	10.75637805	63.95109127
15600	8	No	16	14.20691865	10.97970341	77.96746032
15606	9	No	21	13.50567708	10.97925672	80.7859623
15608	8	No	38	16.05418506	10.05758944	46.07276816
15611	8	No	29	13.47177381	10.97766242	79.0844246
15617	9	Yes	21	12.98928571	10.97842708	81.25734127
15621	8	No	12	13.87603373	10.97861741	77.6733631
15627	9	Yes	0	15.30306359	10.98040095	76.66935711
15634	8	Yes	5	14.7396379	10.98109342	76.5702877
15640	3	No	15	13.31538393	10.97838933	78.31760913
15644	9	Yes	25	18.02439439	11.94875462	63.42775974
15645	3	Yes	19	13.43805357	10.97737616	79.16388889
15651	3	No	19	13.01361806	10.97594539	79.40009921
15676	1	No	21	12.11680456	10.97538327	80.81210317
15680	1	No	41	16.91890228	11.94804353	57.37053571
15682	9	Yes	15	14.29708383	10.98689756	81.07232143
15686	9	Yes	12	17.81969196	11.94951732	67.29985119
15689	8	No	16	14.24709623	10.97973126	76.83382937
15692	8	No	21	14.98633085	11.70008896	83.53244048
15703	3	No	21	13.23863839	10.97649784	76.8797619
15707	3	No	43	18.35675248	11.94818607	53.34965278
15721	9	Yes	16	18.30075942	11.94866544	60.30243056
15726	3	No	12	13.16719246	10.97698471	77.80843254
15730	3	No	9	18.11309375	11.94824834	54.90337302
15735	3	Yes	26	18.34870188	11.94834759	56.16671627
15740	9	Yes	2	18.25144246	11.94868542	62.46701389
15763	3	No	24	13.20722669	10.97639256	77.80248016
15767	3	No	41	18.48669395	11.9481726	52.75128968
15775	9	Yes	28	16.69455605	12.93203974	63.55406746
15778	9	Yes	31	16.70018403	11.94843285	66.09608135
15784	8	No	28	18.17752579	11.94859615	61.80853175
15790	9	No	23	17.43446577	11.94853899	63.89246032
15796	8	No	35	18.05974355	11.9484572	58.16646825
15801	8	No	30	17.8328497	11.94833502	61.09722222
15807	9	No	34	14.9570501	11.6998979	89.76299603
15812	9	No	34	17.09102115	12.93336103	63.56589556
15820	8	Yes	8	18.37846329	11.94877405	62.87108135
15824	3	No	40	18.14599256	11.94842802	56.17271825
15828	3	No	29	16.37267708	12.93395991	58.79454365
15830	3	Yes	34	18.20163591	11.94829841	57.2859127
15834	3	Yes	29	20.04792708	14.41165529	72.93630952
15842	3	No	32	15.22383185	11.94811542	59.27415675
15846	3	No	34	13.80600298	12.93579877	61.26850198
15851	1	No	38	15.0741622	12.93622175	61.24608135
15865	3	No	29	16.60118056	12.93538308	55.97638889
15882	8	No	26	17.46360169	12.93295031	57.4453869
15887	3	No	41	16.91613442	12.93546229	54.87415675
15892	3	No	5	16.39046825	12.93501674	57.25362103
15897	9	Yes	28	17.58435069	13.16685876	67.4515873
15903	9	Yes	24	16.48264633	12.9275599	65.60982143
15915	9	Yes	45	19.74661458	13.97753298	53.87197421
15916	3	Yes	28	16.80283036	12.93443291	56.71393849
15927	8	Yes	8	17.39091121	12.93192557	60.15114087
15943	8	No	25	16.98891347	12.93297127	60.23917749
15948	8	No	27	20.75581796	13.97965724	47.55009921
15956	9	No	23	16.09676366	12.93330732	62.82887807
15961	9	No	13	19.56921478	13.98042361	51.32991071
15962	9	Yes	4	16.76277728	12.9324465	62.30347222
15967	9	Yes	2	20.15251587	13.97846054	50.37797619
15968	9	Yes	41	15.75213817	12.9339315	63.62091901
15973	9	Yes	25	19.57787897	13.98184706	50.51502976
15977	9	No	43	21.93266617	13.80323837	47.59404762
15980	8	No	48	17.63333631	13.1693492	67.73650794
15984	8	No	53	20.31612698	13.98315912	48.49697421
15992	3	No	37	19.7577495	13.98191184	48.58516865
15998	1	No	44	19.04201042	13.98707032	48.31021825
16003	3	Yes	51	24.17443601	14.2629709	69.59702381
16018	3	No	37	20.90448313	13.98610561	49.31081349
16029	9	Yes	36	19.67195337	14.40407552	77.13253968
16032	3	No	37	20.19479762	13.98515755	46.35887897
16038	3	No	34	20.02618651	13.98533821	47.03412698
16056	8	No	49	18.51899818	13.1684282	58.12434638
16060	8	No	25	20.8609251	13.9815205	45.00416667
16063	3	No	24	19.52853323	13.98432204	48.44761905
16067	3	No	16	19.34646852	14.41248765	72.72674964
16068	9	Yes	38	20.27622173	13.9787283	49.83794643
16072	9	Yes	22	19.94802381	14.40555654	74.15962302
16075	9	Yes	26	19.80184127	13.96731823	57.52728175
16079	9	Yes	11	19.71496181	14.39142053	75.36820437
16082	8	No	32	20.36990923	13.97960945	49.64171627
16086	8	No	29	19.98856101	14.42581345	70.65892857
16109	3	Yes	35	19.75815109	13.98299056	48.5112996
16113	3	Yes	42	19.25005605	14.41083777	75.51339286
16116	8	Yes	14	20.42885236	13.97727262	50.09763258
16120	8	Yes	4	19.96235565	14.40375293	73.34608135
16127	9	Yes	29	19.52299306	14.40942086	74.69890873
16133	9	No	12	19.07563095	14.40765709	77.61498016
16137	8	No	45	21.38289286	14.41107945	71.27222222
16142	8	No	24	20.56264931	14.40670752	71.28219246
16147	9	No	39	19.9563631	14.40780885	74.88313492
16154	9	Yes	2	19.54405208	14.40522477	75.86582341
16161	8	No	15	20.64639683	14.40901621	69.8343254
16166	3	No	31	20.10192935	14.40950112	70.67140023
16170	9	Yes	32	23.50571329	14.25590443	74.36478175
16183	3	No	25	25.12841022	14.41469777	68.7234623
16187	3	No	19	28.30718502	14.26580726	63.15257937
16189	3	Yes	26	22.22984573	13.4064241	73.72003968
16193	3	Yes	22	16.64090278	12.9347222	58.53144841
16207	1	No	43	19.3817505	14.41589323	71.21041667
16211	1	No	48	23.83185665	14.26692172	65.31498016
16222	3	No	12	23.50271627	14.26374687	69.02445437
16229	3	No	37	20.7687662	14.41352296	67.15555556
16233	3	No	27	24.89480704	14.26471205	63.05044643
16235	3	No	43	20.03842113	14.41374683	69.28893849
16239	3	No	40	24.5635496	14.26492075	63.70441468
16251	9	Yes	32	23.71751488	14.25728517	72.12217262
16257	8	No	19	23.78497123	14.25830302	70.82802579
16263	9	Yes	17	23.49468899	14.24410581	73.94280754
16268	3	Yes	44	23.21382788	14.26220875	73.02306548
16291	8	Yes	12	23.93648363	14.25560368	70.53328373
16303	9	Yes	19	22.01970387	13.40221721	77.40124008
16305	9	Yes	36	23.39916468	14.26088781	72.59399802
16311	9	No	9	22.9538626	14.25924349	75.06845238
16316	8	No	18	24.6409246	14.26051057	67.23670635
16321	8	No	5	22.58631647	13.40495946	71.58045635
16323	8	No	29	24.45061756	14.25835822	69.35729167
16328	9	Yes	3	23.44410615	14.25697586	73.5281746
16334	9	No	40	23.87798958	14.25938497	72.58779762
16338	9	No	35	23.64518849	13.61425075	74.38115079
16341	8	No	45	23.91410218	14.26240346	71.31646825
16345	8	No	38	22.13455357	13.40608631	74.68864087
16347	3	No	28	24.25969494	14.26096264	66.84325397
16352	3	No	25	22.35884821	13.40522859	71.34856151
16371	3	Yes	30	24.19067609	12.47255999	66.49816468
16376	3	No	11	21.47832143	13.40688603	73.99816468
16381	1	No	28	21.41238442	13.40877587	72.30327381
16397	9	Yes	13	22.17611161	13.40303926	74.92916667
16406	3	No	20	26.22545238	13.4081125	70.26522817
16412	3	No	22	22.6524003	13.40746056	69.27415675
16423	3	No	22	22.48572853	13.4075848	69.17473479
16431	9	Yes	17	23.51235169	12.47135212	72.50326479
16432	9	Yes	11	22.31727083	13.39519168	75.84330357
16446	3	Yes	26	21.46149355	13.4059704	76.71111111
16450	3	Yes	24	23.36808581	12.47242972	68.84642857
16452	8	No	25	22.03004117	13.40364524	74.88045635
16456	8	No	30	26.99139683	12.22716968	58.31964286
16457	8	Yes	8	22.71277133	13.40203814	72.4672123
16461	8	Yes	7	24.48412302	12.47130071	67.35654762
16482	8	No	7	23.92243006	12.47213945	66.89856151
16485	8	No	24	22.94881548	13.4036781	71.45565476
16489	8	No	7	24.30796726	12.47177155	67.79880952
16491	9	No	19	21.4015694	13.40420514	78.02141053
16495	9	No	16	23.05591071	12.47192287	72.69677579
16497	9	Yes	21	21.893188	13.40518404	75.10684524
16501	9	Yes	15	23.35274405	12.47220393	70.63859127
16503	9	Yes	4	22.04649932	13.40285511	75.7765873
16507	9	Yes	3	23.8739876	12.47153526	69.99756944
16513	9	No	34	24.01856597	12.47194706	70.43551587
16519	8	No	38	26.310313	12.22741898	60.10401786
16525	3	No	15	24.281937	12.47221672	63.9343254
16535	9	Yes	13	23.9388879	11.49383831	57.21299603
16544	3	No	5	23.59395288	12.47269262	65.60520833
16550	1	No	39	23.41493552	12.47323526	63.55431548
16556	3	Yes	29	25.46683599	11.49192925	43.45833333
16560	3	Yes	22	20.43234325	10.39558231	48.99131944
16574	3	No	9	24.53985069	12.47285759	61.13467262
16578	3	No	20	25.75156994	11.491459	34.48606151
16580	3	No	14	26.35593552	12.47304478	61.99355159
16584	3	No	15	22.50837252	11.49116324	38.61130952
16591	3	No	28	24.32315526	12.47289326	61.68353175
16595	3	No	31	26.04620387	11.49140264	33.2516369
16603	9	Yes	29	26.5503626	12.2271078	59.81473214
16607	9	Yes	24	21.49898661	11.25475317	78.31810516
16609	9	Yes	6	23.54423115	12.46933518	73.54980159
16613	9	Yes	21	23.92613145	11.49702777	62.46145833
16621	8	Yes	0	24.95170883	11.49391958	55.78705357
16627	3	Yes	12	25.2286002	11.4921351	44.27743056
16637	8	No	20	25.50393849	11.49319021	47.63635913
16657	9	Yes	3	24.93333333	11.49354879	54.43804563
16663	9	No	23	23.35405605	11.49293612	57.11175595
16669	9	Yes	19	22.77267758	11.49249192	56.87743056
16675	8	No	20	24.62406548	11.49317529	53.84459325
16680	8	No	9	24.68000397	11.49259382	46.88169643
16686	8	No	29	17.66533802	10.58780528	65.51732717
16690	8	No	21	19.73820697	10.39602234	53.79853904
16697	9	Yes	13	19.45687847	10.40106278	58.77931548
16698	3	No	15	25.36746032	11.4924717	40.97137897
16702	3	No	11	20.67367163	10.39713971	46.29885913
16722	1	No	33	24.09831944	11.49086229	35.14945437
16727	1	No	20	18.83639236	10.39251876	47.81994048
16728	3	No	4	25.34137577	11.49171967	39.3852408
16733	3	No	5	20.62052778	10.39498057	45.57415675
16738	3	Yes	24	20.13445883	13.98365032	47.78829365
16743	3	No	20	17.07722321	10.39338289	49.7109127
16762	3	No	34	21.34626637	10.39407031	41.78864087
16774	9	Yes	22	20.33791419	10.39999183	53.28700397
16779	9	Yes	20	19.09295288	10.41021618	65.32172619
16786	3	No	25	21.03284474	10.39423214	42.22127976
16788	9	Yes	1	16.85311954	9.913290273	83.45352183
16790	8	No	21	20.84032341	10.39920239	51.78229167
16793	8	No	24	17.63296974	9.910865618	77.53893849
16796	3	Yes	13	20.87951935	10.39617334	47.48159722
16814	8	Yes	15	20.06657589	10.40129606	59.18844246
16818	8	Yes	6	17.18254171	9.913594299	81.33341901
16831	8	No	12	19.98855109	10.3974903	50.95922619
16835	8	No	11	17.00958433	9.908634166	79.63730159
16838	8	No	23	20.16384722	10.39915957	55.11681548
16843	9	Yes	16	18.26919742	10.39719774	60.55858135
16847	9	Yes	12	16.0638001	9.908252848	83.58546627
16850	9	Yes	16	20.56083681	10.40023174	55.96582341
16854	9	Yes	9	17.39169345	9.912207183	81.48457341
16857	9	No	19	19.15884226	10.39847298	59.64776786
16861	9	No	12	16.49844048	9.909914955	84.15094246
16866	8	No	14	13.56719636	9.876705664	81.42134177
16868	9	No	37	23.00114236	11.98140669	73.17986111
16871	9	No	29	17.8875754	10.58987379	67.73328373
16876	9	No	37	17.01676042	9.909771948	83.88621032
16882	3	No	28	16.9374494	9.908177213	78.57683532
16893	1	No	19	15.08327282	9.902154038	82.05967262
16913	3	Yes	20	16.96668651	9.906147289	77.66731151
16927	3	No	5	16.54028323	9.905362961	78.32078373
16941	3	No	14	15.06866716	9.903280437	81.97832341
16948	3	No	9	16.94278522	9.904387411	75.40972222
16955	3	No	23	16.71347669	9.904176469	76.3515377
16969	9	Yes	26	14.46756895	9.881954596	78.14201389
16973	9	Yes	20	16.7588626	9.925218429	85.56547619
16984	3	Yes	10	17.05375248	9.906917647	77.59122024
17020	8	No	17	14.19524653	9.880854122	80.13859127
